<?xml version="1.0" encoding="utf-8" ?>
<Defs>

	<HugsLib.UpdateFeatureDef>
		<modNameReadable>Colony Groups</modNameReadable>
		<modIdentifier>ColonyGroups</modIdentifier>
		<!-- <linkUrl>https://steamcommunity.com/sharedfiles/filedetails/?id=2345493945</linkUrl> -->
		<defName>ColonyGroups_1_3_07</defName>
		<assemblyVersion>1.3.07</assemblyVersion>
		<content>
		img:pics/update
		</content>
	</HugsLib.UpdateFeatureDef>
	
	<HugsLib.UpdateFeatureDef>
		<modNameReadable>Colony Groups</modNameReadable>
		<modIdentifier>ColonyGroups</modIdentifier>
		<!-- <linkUrl>https://steamcommunity.com/sharedfiles/filedetails/?id=2345493945</linkUrl> -->
		<defName>ColonyGroups_1_3_08</defName>
		<assemblyVersion>1.3.08</assemblyVersion>
		<content>
		img:pics/updatewave2
		</content>
	</HugsLib.UpdateFeatureDef>

</Defs>